instance,depth,alpha,seed,train_acc,val_acc,test_acc,train_time,gap
breast-cancer,2,0,37,0.7898550724637681,0.7246376811594203,0.6714285714285714,2.6110804080963135,0.0
breast-cancer,2,0.01,37,0.7753623188405797,0.8260869565217391,0.7285714285714285,0.48957395553588867,0.31119164910104224
breast-cancer,2,0.1,37,0.717391304347826,0.7101449275362319,0.6857142857142857,1.0549728870391846,0.0
breast-cancer,2,0,42,0.7971014492753623,0.6811594202898551,0.7142857142857143,4.163510322570801,0.0
breast-cancer,2,0.01,42,0.7971014492753623,0.6811594202898551,0.7142857142857143,5.624759197235107,0.0
breast-cancer,2,0.1,42,0.6956521739130435,0.6811594202898551,0.7571428571428571,1.696864128112793,0.0
breast-cancer,2,0,53,0.8260869565217391,0.7101449275362319,0.6571428571428571,2.6312148571014404,0.0
breast-cancer,2,0.01,53,0.8260869565217391,0.7101449275362319,0.6571428571428571,4.856717109680176,0.0
breast-cancer,2,0.1,53,0.7391304347826086,0.7536231884057971,0.6,1.264599323272705,0.0
