instance,depth,alpha,seed,train_acc,val_acc,test_acc,train_time,gap
breast-cancer,2,0,37,0.782608695652174,0.782608695652174,0.6857142857142857,50.491795778274536,0.0
breast-cancer,2,0.01,37,0.7753623188405797,0.8260869565217391,0.7285714285714285,69.65222883224487,0.7681320295332192
breast-cancer,2,0.1,37,0.717391304347826,0.7101449275362319,0.6857142857142857,42.054359674453735,0.0
breast-cancer,2,0,42,0.7898550724637681,0.6811594202898551,0.7285714285714285,58.590604066848755,0.0
breast-cancer,2,0.01,42,0.7898550724637681,0.6811594202898551,0.7285714285714285,74.06867909431458,0.0
breast-cancer,2,0.1,42,0.6956521739130435,0.6811594202898551,0.7571428571428571,46.04829263687134,0.0
breast-cancer,2,0,53,0.8260869565217391,0.7101449275362319,0.6571428571428571,53.2799232006073,0.0
breast-cancer,2,0.01,53,0.8260869565217391,0.7101449275362319,0.6571428571428571,36.555654525756836,0.0
breast-cancer,2,0.1,53,0.7391304347826086,0.7536231884057971,0.6,63.124852657318115,0.0
